,color,linewidth,linestyle,,,,,,
Vvi-Vvi,#DDA0DD,2,-,2.700408143,1.225320381,0.218214773,,,
Pto-Pav,#F89588,2,--,13.0428839,0.046078171,0.022187575,2.26184252,1.213238798,0.16739229
Pto-Ppe,#63B2EE,2,--,18.04469806,0.035812106,0.015553601,2.322847601,1.220161051,0.171416856
Pto-Phu,#7CD6CF,2,--,10.678057,0.031881628,0.025410227,1.977823887,1.218854628,0.201467056
Pto-Rch,pink,2,--,5.10183103,0.401116959,0.065670555,1.966078493,1.262391967,0.19849448
